Feature,Tier1,Tier2,Tier3
Income,41068.39006285328,41713.210706072656,42031.38820971763
Expense_Ratio,0.7204460025334937,0.6202165658258526,0.5703176635109012
Savings_Gap,-2749.2410444817606,-6313.784178106078,-8356.328504436813
Recovery_Rate,760.5510944763626,182.2695096643294,43.63251401406334
